{"cameraMode":{"drawMode":0,"name":"Shaded","section":"Shading Mode"},"sceneLighting":true,"audioPlay":false,"sceneViewState":{"m_AlwaysRefresh":false,"showFog":true,"showSkybox":true,"showFlares":true,"showImageEffects":true,"showParticleSystems":true,"showVisualEffectGraphs":true,"m_FxEnabled":true},"in2DMode":false,"pivot":{"x":0.039999961853027347,"y":-0.27900001406669619,"z":-1.3839998245239258},"rotation":{"x":0.004759273957461119,"y":0.6938381791114807,"z":-0.004570190329104662,"w":0.7201374173164368},"size":3.520430564880371,"orthographic":true}